,sentence,unviolated_sentence,condition,interference,transition,violation,trigger_number,filler,quantity,tokens,token_scores,sentence_score
10546,The baker who likes the clever happy plumber swim.,The baker who likes the clever happy plumber swims.,full,constructive,rough,yes,singular,no,,"['The', 'Ġbaker', 'Ġwho', 'Ġlikes', 'Ġthe', 'Ġclever', 'Ġhappy', 'Ġpl', 'umber', 'Ġswim', 's', '.', '<|endoftext|>']",[ -3.27810286 -12.60720063  -2.6211243   -8.96228786  -3.30984115  -9.56878668 -11.03765871 -10.69408417  -5.22447211 -13.19123839  -1.04636     -5.45543668  -5.0597763 ],-5.455436684265879
5688,The builder who dislikes the proud gentle farmer cheats.,The builder who dislikes the proud gentle farmer cheats.,full,constructive,smooth,no,singular,no,,"['The', 'Ġbuilder', 'Ġwho', 'Ġdisl', 'ikes', 'Ġthe', 'Ġproud', 'Ġgentle', 'Ġfarmer', 'Ġche', 'ats', '.', '<|endoftext|>']",[ -3.27810286 -10.87275695  -3.27718352 -10.64034274  -0.88012697  -1.70372004 -12.23786931 -12.59255221  -7.0959778  -10.96327208  -1.53760528  -3.57641604  -4.52416227],-4.524162271087059
10932,The chefs who love the proud cool bakers cooks.,The chefs who love the proud cool bakers cook.,full,constructive,rough,yes,plural,no,,"['The', 'Ġchefs', 'Ġwho', 'Ġlove', 'Ġthe', 'Ġproud', 'Ġcool', 'Ġb', 'akers', 'Ġcook', '.', '<|endoftext|>']",[ -3.27810286 -12.02133941  -2.61444095  -5.29475399  -2.96213532 -12.70106504 -11.0814056   -7.76397704  -3.35955814  -8.66281892  -4.81727603  -3.96710201],-5.056015005994535
2360,The painters that love the careless proud judges smoke.,The painters that love the careless proud judges smoke.,full,constructive,smooth,no,plural,no,,"['The', 'Ġpain', 'ters', 'Ġthat', 'Ġlove', 'Ġthe', 'Ġcareless', 'Ġproud', 'Ġjudges', 'Ġsmoke', '.', '<|endoftext|>']",[ -3.27810286  -9.73519131  -5.15680308  -4.5746765   -4.43297578  -2.90464022 -13.22071838 -12.66091156 -10.7684021  -12.6003952  -3.40100099  -4.67207339],-4.914438235034942
2814,The waiter who dislikes the painter the least pray.,The waiter who dislikes the painter the least prays.,interpolation,constructive,absent,yes,singular,no,subtractive,"['The', 'Ġwaiter', 'Ġwho', 'Ġdisl', 'ikes', 'Ġthe', 'Ġpainter', 'Ġthe', 'Ġleast', 'Ġpr', 'ays', '.', '<|endoftext|>']",[ -3.27810286 -11.63503266  -2.79667666 -11.14999388  -0.70892333  -2.09733582 -12.00109101  -6.71126559  -4.15901947 -10.25411989  -2.60830688  -2.74022679  -4.70076749],-4.159019468086892
1818,The actor that dislikes the lawyer the most prays.,The actor that dislikes the lawyer the most prays.,interpolation,constructive,absent,no,singular,no,additive,"['The', 'Ġactor', 'Ġthat', 'Ġdisl', 'ikes', 'Ġthe', 'Ġlawyer', 'Ġthe', 'Ġmost', 'Ġpr', 'ays', '.', '<|endoftext|>']",[ -3.27810286  -8.32245635  -6.3192139  -10.88845066  -0.07621004  -2.31326291 -10.86978145  -6.39673617  -2.49472804 -10.89202114  -1.04863739  -3.64765166  -4.70798496],-4.707984957963939
798,The teachers that avoid the waiters the most prays.,The teachers that avoid the waiters the most pray.,interpolation,constructive,absent,yes,plural,no,additive,"['The', 'Ġteachers', 'Ġthat', 'Ġavoid', 'Ġthe', 'Ġwait', 'ers', 'Ġthe', 'Ġmost', 'Ġpray', '.', '<|endoftext|>']",[ -3.27810286 -10.52736661  -5.47636409 -10.04113006  -2.26205442 -10.09465031  -5.44737249  -6.95201874  -2.00659944 -11.32824704  -2.71792603  -4.76301577],-5.461868287971377
3527,The waiters who avoid the men the most sing.,The waiters who avoid the men the most sing.,interpolation,constructive,absent,no,plural,no,additive,"['The', 'Ġwait', 'ers', 'Ġwho', 'Ġavoid', 'Ġthe', 'Ġmen', 'Ġthe', 'Ġmost', 'Ġsing', '.', '<|endoftext|>']",[ -3.27810286  -9.34761807  -4.41248704  -3.44232939  -9.01424405  -1.74473569  -7.6639404   -7.10507201  -4.16248324 -11.66270446  -3.45308683  -4.20235443],-4.3074207368226745
7458,The painter who loves the helpful friendly judges pray.,The painter who loves the helpful friendly judges prays.,full,destructive,smooth,yes,singular,no,,"['The', 'Ġpainter', 'Ġwho', 'Ġloves', 'Ġthe', 'Ġhelpful', 'Ġfriendly', 'Ġjudges', 'Ġpr', 'ays', '.', '<|endoftext|>']",[ -3.27810286 -11.47234344  -2.66542819  -7.53691862  -2.48944097 -13.11750791  -9.75234219  -9.84445188 -10.27209475  -2.96448903  -3.83525848  -4.41459655],-5.975757585579437
9056,The farmer who fears the clever lazy tailors cheats.,The farmer who fears the clever lazy tailors cheats.,full,destructive,rough,no,singular,no,,"['The', 'Ġfarmer', 'Ġwho', 'Ġfears', 'Ġthe', 'Ġclever', 'Ġlazy', 'Ġtail', 'ors', 'Ġche', 'ats', '.', '<|endoftext|>']",[ -3.27810286 -10.3002396   -1.79431913  -9.08536527  -2.16989901 -13.19473269 -11.54025265  -8.59500885  -2.21577453 -11.28938293  -1.23300935  -5.95274356  -4.04245762],-5.952743556904223
5709,The plumbers who love the kind charming doctor cheats.,The plumbers who love the kind charming doctor cheat.,full,destructive,smooth,yes,plural,no,,"['The', 'Ġpl', 'umbers', 'Ġwho', 'Ġlove', 'Ġthe', 'Ġkind', 'Ġcharming', 'Ġdoctor', 'Ġcheat', '.', '<|endoftext|>']",[ -3.27810286  -9.89060214  -3.9273529   -3.07785795  -6.7016373  -2.56348803  -7.40515901 -12.19166372 -10.41795349 -12.36322786  -4.07342525  -4.63154604],-5.666591668051376
913,The waiters who avoid the clumsy clever plumber cheat.,The waiters who avoid the clumsy clever plumber cheat.,full,destructive,rough,no,plural,no,,"['The', 'Ġwait', 'ers', 'Ġwho', 'Ġavoid', 'Ġthe', 'Ġclumsy', 'Ġclever', 'Ġpl', 'umber', 'Ġcheat', '.', '<|endoftext|>']",[ -3.27810286  -9.34761807  -4.41248704  -3.44232939  -9.01424405  -1.74473569 -11.33034516 -12.43674473  -8.49909211  -2.76898188 -11.54514312  -3.62590025  -4.24961091],-4.412487041625975
8227,The farmer who likes the builders the least pray.,The farmer who likes the builders the least prays.,interpolation,destructive,absent,yes,singular,no,subtractive,"['The', 'Ġfarmer', 'Ġwho', 'Ġlikes', 'Ġthe', 'Ġbuilders', 'Ġthe', 'Ġleast', 'Ġpr', 'ays', '.', '<|endoftext|>']",[ -3.27810286 -10.3002396   -1.79431913  -9.31284333  -3.33161165 -12.90947717  -6.57997137  -3.08544158 -10.88096622  -1.84518434  -2.68601987  -4.51502992],-3.92332078294518
8969,The athlete who hates the farmers the least sings.,The athlete who hates the farmers the least sings.,interpolation,destructive,absent,no,singular,no,subtractive,"['The', 'Ġathlete', 'Ġwho', 'Ġhates', 'Ġthe', 'Ġfarmers', 'Ġthe', 'Ġleast', 'Ġsings', '.', '<|endoftext|>']",[ -3.27810286 -10.80349728  -2.45462036  -9.60704038  -2.27154537 -11.83228303  -6.21633143  -3.56854247 -12.34091184  -3.01441192  -3.88685609],-3.8868560937954353
14983,The bakers who love the actor the least cheats.,The bakers who love the actor the least cheat.,interpolation,destructive,absent,yes,plural,no,subtractive,"['The', 'Ġb', 'akers', 'Ġwho', 'Ġlove', 'Ġthe', 'Ġactor', 'Ġthe', 'Ġleast', 'Ġcheat', '.', '<|endoftext|>']",[ -3.27810286  -8.80350498  -5.10472106  -3.65498356  -4.62313081  -2.68894954 -12.59312442  -7.38170621  -4.00822448 -12.71949001  -2.05833433  -4.54855348],-4.585842149463479
11318,The lawyers that love the waiter the least climb.,The lawyers that love the waiter the least climb.,interpolation,destructive,absent,no,plural,no,subtractive,"['The', 'Ġlawyers', 'Ġthat', 'Ġlove', 'Ġthe', 'Ġwaiter', 'Ġthe', 'Ġleast', 'Ġclimb', '.', '<|endoftext|>']",[ -3.27810286  -9.97121433  -5.12889095  -9.88122563  -2.75957105 -12.40190892  -6.32302856  -3.51935581 -12.93572995  -5.13712313  -4.85507963],-5.137123127638064
11063,The man who walks carefully although fairly quickly cheat.,The man who walks carefully although fairly quickly cheats.,control,absent,absent,yes,singular,no,,"['The', 'Ġman', 'Ġwho', 'Ġwalks', 'Ġcarefully', 'Ġalthough', 'Ġfairly', 'Ġquickly', 'Ġche', 'ats', '.', '<|endoftext|>']",[ -3.27810286  -6.04503633  -1.12516783  -8.45858004 -10.70554346 -11.56045532  -8.68704986  -5.72071074  -9.04018403  -2.20405961  -3.64606476  -5.10079194],-5.882873531456248
3737,The man who laughs happily though pretty quickly lies.,The man who laughs happily though pretty quickly lies.,control,absent,absent,no,singular,no,,"['The', 'Ġman', 'Ġwho', 'Ġlaughs', 'Ġhappily', 'Ġthough', 'Ġpretty', 'Ġquickly', 'Ġlies', '.', '<|endoftext|>']",[ -3.27810286  -6.04503633  -1.12516783 -12.08325198  -8.77741245  -7.85529324  -9.55728916  -5.09541319  -8.92264552  -3.88497159  -4.81275938],-6.045036325695958
1738,The tailors who run carefully yet fairly happily cheats.,The tailors who run carefully yet fairly happily cheat.,control,absent,absent,yes,plural,no,,"['The', 'Ġtail', 'ors', 'Ġwho', 'Ġrun', 'Ġcarefully', 'Ġyet', 'Ġfairly', 'Ġhappily', 'Ġcheat', '.', '<|endoftext|>']",[ -3.27810286  -9.79314424  -3.94284825  -3.56847384  -5.09432224 -10.68696594  -9.40740967  -6.4203339   -9.65301513 -12.06722257  -2.47441867  -5.16904454],-5.794689219281365
12055,The plumbers that run happily although rather quickly lie.,The plumbers that run happily although rather quickly lie.,control,absent,absent,no,plural,no,,"['The', 'Ġpl', 'umbers', 'Ġthat', 'Ġrun', 'Ġhappily', 'Ġalthough', 'Ġrather', 'Ġquickly', 'Ġlie', '.', '<|endoftext|>']",[ -3.27810286  -9.89060214  -3.9273529   -5.14282225  -4.26636502 -13.93891909 -10.91205594  -8.5021668   -6.45190428  -8.77394868  -4.14889523  -5.39704896],-5.9244766197796
8741,The tailor that dislikes the cool lazy baker pray.,The tailor that dislikes the cool lazy baker prays.,full,constructive,rough,yes,singular,no,,"['The', 'Ġtailor', 'Ġthat', 'Ġdisl', 'ikes', 'Ġthe', 'Ġcool', 'Ġlazy', 'Ġbaker', 'Ġpr', 'ays', '.', '<|endoftext|>']",[ -3.27810286 -13.01496887  -5.22639466 -10.89253237  -0.39013677  -2.12159729  -8.23739622 -11.50753021  -9.73719788  -9.6340027  -2.24910734  -3.06199645  -4.35155486],-5.226394663167156
5268,The painter who dislikes the nice careless teacher cheats.,The painter who dislikes the nice careless teacher cheats.,full,constructive,smooth,no,singular,no,,"['The', 'Ġpainter', 'Ġwho', 'Ġdisl', 'ikes', 'Ġthe', 'Ġnice', 'Ġcareless', 'Ġteacher', 'Ġche', 'ats', '.', '<|endoftext|>']",[ -3.27810286 -11.47234344  -2.66542819 -10.43825532  -0.27101139  -1.96501162  -9.62714382 -12.44423677  -7.9928589  -10.9432373  -0.38604357  -3.70028687  -4.10241704],-4.102417038286802
10544,The plumbers who dislike the careless clever bakers sings.,The plumbers who dislike the careless clever bakers sing.,full,constructive,rough,yes,plural,no,,"['The', 'Ġpl', 'umbers', 'Ġwho', 'Ġdislike', 'Ġthe', 'Ġcareless', 'Ġclever', 'Ġb', 'akers', 'Ġsing', '.', '<|endoftext|>']",[ -3.27810286  -9.89060214  -3.9273529   -3.07785795 -11.48501586  -1.68283081 -10.29001612 -11.83908083  -7.50903319  -3.39214329 -10.86109926  -4.08308408  -5.45243071],-5.452430707866842
9716,The women who love the happy clever chefs sing.,The women who love the happy clever chefs sing.,full,constructive,smooth,no,plural,no,,"['The', 'Ġwomen', 'Ġwho', 'Ġlove', 'Ġthe', 'Ġhappy', 'Ġclever', 'Ġchefs', 'Ġsing', '.', '<|endoftext|>']",[ -3.27810286  -8.20533749  -2.94232176  -6.01379396  -2.91969302 -10.0400085  -15.07190709 -11.53212739 -10.51850894  -3.39620203  -4.71072386],-6.013793963240489
14239,The painter that avoids the waiter the most pray.,The painter that avoids the waiter the most prays.,interpolation,constructive,absent,yes,singular,no,additive,"['The', 'Ġpainter', 'Ġthat', 'Ġavoids', 'Ġthe', 'Ġwaiter', 'Ġthe', 'Ġmost', 'Ġpr', 'ays', '.', '<|endoftext|>']",[ -3.27810286 -11.47234344  -5.95020301 -10.95655823  -2.03425599 -12.02376561  -6.75012204  -1.33001705 -10.70048524  -4.45992276  -2.22988129  -4.49124143],-5.22072221723384
13283,The tailor who avoids the farmer the least prays.,The tailor who avoids the farmer the least prays.,interpolation,constructive,absent,no,singular,no,subtractive,"['The', 'Ġtailor', 'Ġwho', 'Ġavoids', 'Ġthe', 'Ġfarmer', 'Ġthe', 'Ġleast', 'Ġpr', 'ays', '.', '<|endoftext|>']",[ -3.27810286 -13.01496887  -3.05802915 -10.24568171  -2.1099167 -10.02760321  -6.24388124  -3.3392792  -10.55895997  -4.13777925  -2.38362122  -4.33449559],-4.236137421549112
5779,The men who dislike the pilots the least prays.,The men who dislike the pilots the least pray.,interpolation,constructive,absent,yes,plural,no,subtractive,"['The', 'Ġmen', 'Ġwho', 'Ġdislike', 'Ġthe', 'Ġpilots', 'Ġthe', 'Ġleast', 'Ġpray', '.', '<|endoftext|>']",[ -3.27810286  -7.7463913   -3.20630642 -10.9085999   -2.20633699 -11.38652033  -6.89097594  -3.27615357 -11.34359744  -3.77891538  -5.15256499],-5.152564993397446
7492,The teachers that dislike the tailors the least cheat.,The teachers that dislike the tailors the least cheat.,interpolation,constructive,absent,no,plural,no,subtractive,"['The', 'Ġteachers', 'Ġthat', 'Ġdislike', 'Ġthe', 'Ġtail', 'ors', 'Ġthe', 'Ġleast', 'Ġcheat', '.', '<|endoftext|>']",[ -3.27810286 -10.52736661  -5.47636409 -10.59861753  -2.07557674 -11.07395178  -2.73061375  -6.49796299  -4.29872135 -13.52049256  -1.81262971  -4.89019775],-5.1832809184533
6247,The woman who avoids the gentle lazy waiters pray.,The woman who avoids the gentle lazy waiters prays.,full,destructive,smooth,yes,singular,no,,"['The', 'Ġwoman', 'Ġwho', 'Ġavoids', 'Ġthe', 'Ġgentle', 'Ġlazy', 'Ġwait', 'ers', 'Ġpr', 'ays', '.', '<|endoftext|>']",[ -3.27810286  -7.53363034  -1.33246611 -11.98191071  -2.54369354  -9.9992447  -13.19941713  -9.02677918  -3.86401361 -10.17350003  -3.03425599  -3.97866058  -4.85189819],-4.851898188749105
13744,The painter who loves the young lazy farmers cheats.,The painter who loves the young lazy farmers cheats.,full,destructive,rough,no,singular,no,,"['The', 'Ġpainter', 'Ġwho', 'Ġloves', 'Ġthe', 'Ġyoung', 'Ġlazy', 'Ġfarmers', 'Ġche', 'ats', '.', '<|endoftext|>']",[ -3.27810286 -11.47234344  -2.66542819  -7.53691862  -2.48944097  -7.72122955 -11.58774564  -8.55091092 -11.67958837  -1.5818443  -3.70436094  -4.45688629],-5.996902453274549
10715,The bakers who fear the friendly nice man swims.,The bakers who fear the friendly nice man swim.,full,destructive,smooth,yes,plural,no,,"['The', 'Ġb', 'akers', 'Ġwho', 'Ġfear', 'Ġthe', 'Ġfriendly', 'Ġnice', 'Ġman', 'Ġswim', '.', '<|endoftext|>']",[ -3.27810286  -8.80350498  -5.10472106  -3.65498356  -8.25312802  -1.75909422 -11.41928104 -11.41101836  -5.55121613 -12.50885009  -5.78215027  -4.43407823],-5.666683197638504
1212,The vets who dislike the young nice man cheat.,The vets who dislike the young nice man cheat.,full,destructive,rough,no,plural,no,,"['The', 'Ġvets', 'Ġwho', 'Ġdislike', 'Ġthe', 'Ġyoung', 'Ġnice', 'Ġman', 'Ġcheat', '.', '<|endoftext|>']",[ -3.27810286 -13.41484068  -2.99118042 -11.59275814  -1.77933499  -7.41020204 -11.93894191  -3.62897495 -11.75271608  -2.97133636  -4.89295957],-4.892959574910416
597,The author that hates the waiters the least smoke.,The author that hates the waiters the least smokes.,interpolation,destructive,absent,yes,singular,no,subtractive,"['The', 'Ġauthor', 'Ġthat', 'Ġhates', 'Ġthe', 'Ġwait', 'ers', 'Ġthe', 'Ġleast', 'Ġsmokes', '.', '<|endoftext|>']",[ -3.27810286  -7.04902647  -8.24243926  -8.88878634  -2.51211547 -10.51540375  -2.13547901  -7.04812619  -3.38842774 -13.9741211  -2.72650912  -3.82224271],-5.435184450786811
4883,The teacher who fears the lawyers the most cheats.,The teacher who fears the lawyers the most cheats.,interpolation,destructive,absent,no,singular,no,additive,"['The', 'Ġteacher', 'Ġwho', 'Ġfears', 'Ġthe', 'Ġlawyers', 'Ġthe', 'Ġmost', 'Ġche', 'ats', '.', '<|endoftext|>']",[ -3.27810286  -9.48058325  -1.81243135 -10.4490204   -2.86738589 -11.66678623  -7.39546972  -7.36016089 -15.75798799  -0.58485412  -4.27244566  -4.13339228],-5.816303270950305
8381,The vets that love the woman the least cooks.,The vets that love the woman the least cook.,interpolation,destructive,absent,yes,plural,no,subtractive,"['The', 'Ġvets', 'Ġthat', 'Ġlove', 'Ġthe', 'Ġwoman', 'Ġthe', 'Ġleast', 'Ġcook', '.', '<|endoftext|>']",[ -3.27810286 -13.41484068  -5.00306704  -6.10456082  -2.71409609  -8.29067993  -6.2238312   -5.10305787 -11.35326386  -2.55709844  -4.30624394],-5.1030578732116165
11347,The bakers that fear the man the least pray.,The bakers that fear the man the least pray.,interpolation,destructive,absent,no,plural,no,subtractive,"['The', 'Ġb', 'akers', 'Ġthat', 'Ġfear', 'Ġthe', 'Ġman', 'Ġthe', 'Ġleast', 'Ġpray', '.', '<|endoftext|>']",[ -3.27810286  -8.80350498  -5.10472106  -5.85475162  -9.35147863  -1.71157839  -7.89712526  -6.10896303  -7.9784241  -11.55803683  -3.43999482  -4.18817138],-5.9818573258777175
11500,The plumber that laughs carefully yet pretty quickly pray.,The plumber that laughs carefully yet pretty quickly prays.,control,absent,absent,yes,singular,no,,"['The', 'Ġpl', 'umber', 'Ġthat', 'Ġlaughs', 'Ġcarefully', 'Ġyet', 'Ġpretty', 'Ġquickly', 'Ġpr', 'ays', '.', '<|endoftext|>']",[ -3.27810286  -9.89060214  -2.66838078  -5.75836945 -11.32067871 -11.13404085  -8.22217565  -9.85903167  -4.5435714   -7.96923064  -0.33615116  -2.54192348  -4.798996  ],-5.758369449832792
15123,The doctor that runs happily albeit rather carefully cheats.,The doctor that runs happily albeit rather carefully cheats.,control,absent,absent,no,singular,no,,"['The', 'Ġdoctor', 'Ġthat', 'Ġruns', 'Ġhappily', 'Ġalbeit', 'Ġrather', 'Ġcarefully', 'Ġche', 'ats', '.', '<|endoftext|>']",[ -3.27810286  -8.81159209  -4.92433167  -5.85552216 -14.27493672 -10.46595001  -6.31138611  -7.37549596 -10.74291229  -2.57378005  -3.04235839  -5.2443161 ],-6.083454133572353
11863,The tailors that drive happily although fairly quickly climbs.,The tailors that drive happily although fairly quickly climb.,control,absent,absent,yes,plural,no,,"['The', 'Ġtail', 'ors', 'Ġthat', 'Ġdrive', 'Ġhappily', 'Ġalthough', 'Ġfairly', 'Ġquickly', 'Ġclimb', '.', '<|endoftext|>']",[ -3.27810286  -9.79314424  -3.94284825  -4.79497527  -6.29448698 -14.63481903 -10.14973447  -8.53437045  -5.0799255   -8.97137452  -4.40131375  -5.66349793],-5.978992455559078
10089,The farmers that run happily though fairly quickly sing.,The farmers that run happily though fairly quickly sing.,control,absent,absent,no,plural,no,,"['The', 'Ġfarmers', 'Ġthat', 'Ġrun', 'Ġhappily', 'Ġthough', 'Ġfairly', 'Ġquickly', 'Ġsing', '.', '<|endoftext|>']",[ -3.27810286 -10.45383452  -4.55927273  -5.55184939 -13.3320618  -6.9007339  -10.97074892  -5.45422363 -11.83602141  -3.26515964  -5.68976595],-5.689765947732886
8751,The baker that hates the lazy gentle man cook.,The baker that hates the lazy gentle man cooks.,full,constructive,rough,yes,singular,no,,"['The', 'Ġbaker', 'Ġthat', 'Ġhates', 'Ġthe', 'Ġlazy', 'Ġgentle', 'Ġman', 'Ġcooks', '.', '<|endoftext|>']",[ -3.27810286 -12.60720063  -5.30545803  -8.72525792  -2.29945374  -9.27143861 -12.16441343  -4.13403315  -9.84551241  -3.64844516  -4.28973389],-5.3054580342304885
5689,The waiter who dislikes the proud nice woman swims.,The waiter who dislikes the proud nice woman swims.,full,constructive,smooth,no,singular,no,,"['The', 'Ġwaiter', 'Ġwho', 'Ġdisl', 'ikes', 'Ġthe', 'Ġproud', 'Ġnice', 'Ġwoman', 'Ġswim', 's', '.', '<|endoftext|>']",[ -3.27810286 -11.63503266  -2.79667666 -11.14999388  -0.70892333  -2.09733582 -12.77880102 -11.29425047  -4.67357633 -11.64577489  -4.16307449  -5.74336246  -5.44045255],-5.440452552063488
202,The tailors that love the charming young authors smokes.,The tailors that love the charming young authors smoke.,full,constructive,rough,yes,plural,no,,"['The', 'Ġtail', 'ors', 'Ġthat', 'Ġlove', 'Ġthe', 'Ġcharming', 'Ġyoung', 'Ġauthors', 'Ġsmoke', '.', '<|endoftext|>']",[ -3.27810286  -9.79314424  -3.94284825  -4.79497527  -6.47098545  -2.78048326  -9.75036622  -5.97646331  -8.56098177 -12.45003511  -3.59789277  -5.1093674 ],-5.542915355064036
13608,The painters who fear the funny nice women pray.,The painters who fear the funny nice women pray.,full,constructive,smooth,no,plural,no,,"['The', 'Ġpain', 'ters', 'Ġwho', 'Ġfear', 'Ġthe', 'Ġfunny', 'Ġnice', 'Ġwomen', 'Ġpray', '.', '<|endoftext|>']",[ -3.27810286  -9.73519131  -5.15680308  -2.8360214  -10.21396634  -1.88733677 -10.3320389  -12.10064696  -5.59140017 -11.32420352  -4.59361267  -4.16556546],-5.374101621789306
2353,The doctor who hates the actor the least cheat.,The doctor who hates the actor the least cheats.,interpolation,constructive,absent,yes,singular,no,subtractive,"['The', 'Ġdoctor', 'Ġwho', 'Ġhates', 'Ġthe', 'Ġactor', 'Ġthe', 'Ġleast', 'Ġche', 'ats', '.', '<|endoftext|>']",[ -3.27810286  -8.81159209  -1.62087254 -11.2486496   -2.50435638  -9.26998143  -6.9946442   -4.37214657 -11.76160428  -0.73198317  -2.85343172  -4.2264786 ],-4.299312587434195
10294,The plumber who fears the lawyer the most climbs.,The plumber who fears the lawyer the most climbs.,interpolation,constructive,absent,no,singular,no,additive,"['The', 'Ġpl', 'umber', 'Ġwho', 'Ġfears', 'Ġthe', 'Ġlawyer', 'Ġthe', 'Ġmost', 'Ġclimbs', '.', '<|endoftext|>']",[ -3.27810286  -9.89060214  -2.66838078  -2.93478392  -9.69247436  -2.19702148 -12.8666382   -7.14027401  -6.12985229 -12.01448821  -4.03384397  -4.26255797],-5.196205129736259
13494,The athletes who hate the bakers the most swims.,The athletes who hate the bakers the most swim.,interpolation,constructive,absent,yes,plural,no,additive,"['The', 'Ġathletes', 'Ġwho', 'Ġhate', 'Ġthe', 'Ġb', 'akers', 'Ġthe', 'Ġmost', 'Ġswim', '.', '<|endoftext|>']",[ -3.27810286 -11.20796205  -2.33226012  -8.75485994  -1.93003847  -8.18055723  -5.85095985  -6.8370743   -0.33525847 -12.07238005  -4.96420286  -4.77964014],-5.407581351876474
12899,The chefs who avoid the waiters the least climb.,The chefs who avoid the waiters the least climb.,interpolation,constructive,absent,no,plural,no,subtractive,"['The', 'Ġchefs', 'Ġwho', 'Ġavoid', 'Ġthe', 'Ġwait', 'ers', 'Ġthe', 'Ġleast', 'Ġclimb', '.', '<|endoftext|>']",[ -3.27810286 -12.02133941  -2.61444095  -9.79811858  -2.11669923  -8.64470671  -2.99092865  -7.19947812  -3.8875351  -11.88168337  -3.65645599  -4.3948975 ],-4.14121629527021
850,The baker who dislikes the kind helpful plumbers lie.,The baker who dislikes the kind helpful plumbers lies.,full,destructive,smooth,yes,singular,no,,"['The', 'Ġbaker', 'Ġwho', 'Ġdisl', 'ikes', 'Ġthe', 'Ġkind', 'Ġhelpful', 'Ġpl', 'umbers', 'Ġlies', '.', '<|endoftext|>']",[ -3.27810286 -12.60720063  -2.6211243  -11.03918455  -0.47403721  -2.0175629   -7.25899507 -15.0055485   -9.39670564  -3.15057377 -13.61923219  -1.81056972  -5.10172272],-5.101722718385809
4179,The man who fears the lazy nice authors lies.,The man who fears the lazy nice authors lies.,full,destructive,rough,no,singular,no,,"['The', 'Ġman', 'Ġwho', 'Ġfears', 'Ġthe', 'Ġlazy', 'Ġnice', 'Ġauthors', 'Ġlies', '.', '<|endoftext|>']",[ -3.27810286  -6.04503633  -1.12516783 -10.38088986  -2.07746129 -15.13056947 -11.66265101 -13.43653868 -11.6779099   -3.22602841  -3.9961319 ],-6.045036325695958
7968,The lawyers that dislike the proud young farmer cheats.,The lawyers that dislike the proud young farmer cheat.,full,destructive,smooth,yes,plural,no,,"['The', 'Ġlawyers', 'Ġthat', 'Ġdislike', 'Ġthe', 'Ġproud', 'Ġyoung', 'Ġfarmer', 'Ġcheat', '.', '<|endoftext|>']",[ -3.27810286  -9.97121433  -5.12889095 -12.7761307   -1.94398497 -13.47030645  -5.86596684  -8.12696836 -12.78723145  -2.83348082  -4.93850708],-5.865966841841766
1155,The judges that fear the proud charming man sing.,The judges that fear the proud charming man sing.,full,destructive,rough,no,plural,no,,"['The', 'Ġjudges', 'Ġthat', 'Ġfear', 'Ġthe', 'Ġproud', 'Ġcharming', 'Ġman', 'Ġsing', '.', '<|endoftext|>']",[ -3.27810286 -10.01571657  -5.19640345 -11.01363369  -1.7611999 -13.04586798 -13.8450928   -4.67498016 -11.81967161  -4.24409485  -4.24697115],-5.196403446802577
2823,The waiter who likes the actors the most smoke.,The waiter who likes the actors the most smokes.,interpolation,destructive,absent,yes,singular,no,additive,"['The', 'Ġwaiter', 'Ġwho', 'Ġlikes', 'Ġthe', 'Ġactors', 'Ġthe', 'Ġmost', 'Ġsmokes', '.', '<|endoftext|>']",[ -3.27810286 -11.63503266  -2.79667666  -9.27642064  -3.43116383 -11.73007198  -6.64311982  -0.78292083 -11.80018613  -3.53349304  -5.60045626],-5.600456257855721
10675,The actor who dislikes the chefs the most swims.,The actor who dislikes the chefs the most swims.,interpolation,destructive,absent,no,singular,no,additive,"['The', 'Ġactor', 'Ġwho', 'Ġdisl', 'ikes', 'Ġthe', 'Ġchefs', 'Ġthe', 'Ġmost', 'Ġswim', 's', '.', '<|endoftext|>']",[ -3.27810286  -8.32245635  -2.6943054  -11.04679103  -0.09609606  -2.25531767 -12.48033142  -6.85805509  -0.49367523 -13.41637418  -0.70518492  -4.3998795   -4.42561334],-4.399879496332616
5226,The bakers who fear the woman the most climbs.,The bakers who fear the woman the most climb.,interpolation,destructive,absent,yes,plural,no,additive,"['The', 'Ġb', 'akers', 'Ġwho', 'Ġfear', 'Ġthe', 'Ġwoman', 'Ġthe', 'Ġmost', 'Ġclimb', '.', '<|endoftext|>']",[ -3.27810286  -8.80350498  -5.10472106  -3.65498356  -8.25312802  -1.75909422 -10.01033021  -6.70050807  -2.20156097 -12.24629206  -5.09681699  -4.26419065],-5.100769025474928
6505,The teachers who fear the plumber the most climb.,The teachers who fear the plumber the most climb.,interpolation,destructive,absent,no,plural,no,additive,"['The', 'Ġteachers', 'Ġwho', 'Ġfear', 'Ġthe', 'Ġpl', 'umber', 'Ġthe', 'Ġmost', 'Ġclimb', '.', '<|endoftext|>']",[ -3.27810286 -10.52736661  -2.6093598   -7.91400147  -2.21191403  -9.46933744  -4.17626189  -7.46105961  -0.47869108 -11.56958002  -6.04278562  -4.25610353],-5.149444571799142
15222,The man that runs carefully though rather quickly lie.,The man that runs carefully though rather quickly lies.,control,absent,absent,yes,singular,no,,"['The', 'Ġman', 'Ġthat', 'Ġruns', 'Ġcarefully', 'Ġthough', 'Ġrather', 'Ġquickly', 'Ġlies', '.', '<|endoftext|>']",[ -3.27810286  -6.04503633  -5.99491118  -5.60884856 -12.431694  -6.97691347  -9.80924989  -6.18989561  -8.97496792  -3.71425629  -5.97428132],-6.045036325695958
4646,The man who laughs carefully yet rather quickly smokes.,The man who laughs carefully yet rather quickly smokes.,control,absent,absent,no,singular,no,,"['The', 'Ġman', 'Ġwho', 'Ġlaughs', 'Ġcarefully', 'Ġyet', 'Ġrather', 'Ġquickly', 'Ġsmokes', '.', '<|endoftext|>']",[ -3.27810286  -6.04503633  -1.12516783 -12.08325198 -11.64672847  -7.73682405  -8.53954316  -5.08922574  -9.96797942  -3.93002317  -5.12113951],-6.045036325695958
13670,The waiters who drive happily yet fairly quickly swims.,The waiters who drive happily yet fairly quickly swim.,control,absent,absent,yes,plural,no,,"['The', 'Ġwait', 'ers', 'Ġwho', 'Ġdrive', 'Ġhappily', 'Ġyet', 'Ġfairly', 'Ġquickly', 'Ġswim', '.', '<|endoftext|>']",[ -3.27810286  -9.34761807  -4.41248704  -3.44232939  -5.95164492 -11.2066498   -9.03805541  -7.69208525  -4.38648985 -12.74350739  -5.0969925   -5.95472719],-5.953186052433315
12345,The waiters who walk carefully yet pretty quickly lie.,The waiters who walk carefully yet pretty quickly lie.,control,absent,absent,no,plural,no,,"['The', 'Ġwait', 'ers', 'Ġwho', 'Ġwalk', 'Ġcarefully', 'Ġyet', 'Ġpretty', 'Ġquickly', 'Ġlie', '.', '<|endoftext|>']",[ -3.27810286  -9.34761807  -4.41248704  -3.44232939  -6.14786531 -10.95555879 -11.67382048 -10.05467989  -4.2116318   -9.88873291  -5.58162691  -5.70692445],-5.927394878391937
3846,The doctor that hates the careless young teacher lie.,The doctor that hates the careless young teacher lies.,full,constructive,rough,yes,singular,no,,"['The', 'Ġdoctor', 'Ġthat', 'Ġhates', 'Ġthe', 'Ġcareless', 'Ġyoung', 'Ġteacher', 'Ġlies', '.', '<|endoftext|>']",[ -3.27810286  -8.81159209  -4.92433167 -10.18505863  -2.58214568 -12.00559235  -5.60606384  -7.60256189  -8.32752231  -2.13684842  -4.95433808],-5.60606383945197
10765,The athlete who hates the proud funny woman prays.,The athlete who hates the proud funny woman prays.,full,constructive,smooth,no,singular,no,,"['The', 'Ġathlete', 'Ġwho', 'Ġhates', 'Ġthe', 'Ġproud', 'Ġfunny', 'Ġwoman', 'Ġpr', 'ays', '.', '<|endoftext|>']",[ -3.27810286 -10.80349728  -2.45462036  -9.60704038  -2.27154537 -11.95905305 -11.92088322  -5.83673097 -10.33622737  -5.17588041  -3.49246979  -4.11332706],-5.506305691759305
8775,The tailors who like the nice cool men swims.,The tailors who like the nice cool men swim.,full,constructive,rough,yes,plural,no,,"['The', 'Ġtail', 'ors', 'Ġwho', 'Ġlike', 'Ġthe', 'Ġnice', 'Ġcool', 'Ġmen', 'Ġswim', '.', '<|endoftext|>']",[ -3.27810286  -9.79314424  -3.94284825  -3.56847384  -7.0205002  -3.07264322  -7.85741424  -7.06748201  -8.01051333 -10.18889615  -4.600357    -4.63516237],-5.8278312853783625
13351,The painters that dislike the careless helpful tailors climb.,The painters that dislike the careless helpful tailors climb.,full,constructive,smooth,no,plural,no,,"['The', 'Ġpain', 'ters', 'Ġthat', 'Ġdislike', 'Ġthe', 'Ġcareless', 'Ġhelpful', 'Ġtail', 'ors', 'Ġclimb', '.', '<|endoftext|>']",[ -3.27810286  -9.73519131  -5.15680308  -4.5746765  -11.32012175  -2.05544282 -11.43926236 -13.81336974 -11.54998777  -2.20434572 -11.40484616  -5.54380033  -5.71311187],-5.713111865314356
1441,The woman that fears the baker the most cheat.,The woman that fears the baker the most cheats.,interpolation,constructive,absent,yes,singular,no,additive,"['The', 'Ġwoman', 'Ġthat', 'Ġfears', 'Ġthe', 'Ġbaker', 'Ġthe', 'Ġmost', 'Ġche', 'ats', '.', '<|endoftext|>']",[ -3.27810286  -7.53363034  -5.81019593 -10.1591644   -2.5355759 -12.48327637  -7.04592131  -0.21759035 -13.2494736   -1.60152437  -3.27369694  -3.97333523],-4.891765580691676
5317,The athlete that loves the vet the most lies.,The athlete that loves the vet the most lies.,interpolation,constructive,absent,no,singular,no,additive,"['The', 'Ġathlete', 'Ġthat', 'Ġloves', 'Ġthe', 'Ġvet', 'Ġthe', 'Ġmost', 'Ġlies', '.', '<|endoftext|>']",[ -3.27810286 -10.80349728  -5.27526857  -7.00167847  -2.51547245 -11.56149289  -6.75966642  -0.24932864  -9.52106473  -3.07905582  -4.74192809],-5.275268566234074
11489,The athletes who love the judges the least sings.,The athletes who love the judges the least sing.,interpolation,constructive,absent,yes,plural,no,subtractive,"['The', 'Ġathletes', 'Ġwho', 'Ġlove', 'Ġthe', 'Ġjudges', 'Ġthe', 'Ġleast', 'Ġsing', '.', '<|endoftext|>']",[ -3.27810286 -11.20796205  -2.33226012  -6.47958373  -2.17103196  -9.80207825  -7.0923462   -3.72080232 -11.86965945  -2.6895904  -4.38394169],-4.3839416869067405
1278,The waiters that love the chefs the least pray.,The waiters that love the chefs the least pray.,interpolation,constructive,absent,no,plural,no,subtractive,"['The', 'Ġwait', 'ers', 'Ġthat', 'Ġlove', 'Ġthe', 'Ġchefs', 'Ġthe', 'Ġleast', 'Ġpray', '.', '<|endoftext|>']",[ -3.27810286  -9.34761807  -4.41248704  -5.91592407  -5.62279513  -2.93669128  -9.10818483  -6.37738802  -4.94637301 -12.40293117  -3.57817839  -4.53332514],-5.28458406969504
15297,The teacher who dislikes the helpful charming builders cheat.,The teacher who dislikes the helpful charming builders cheats.,full,destructive,smooth,yes,singular,no,,"['The', 'Ġteacher', 'Ġwho', 'Ġdisl', 'ikes', 'Ġthe', 'Ġhelpful', 'Ġcharming', 'Ġbuilders', 'Ġche', 'ats', '.', '<|endoftext|>']",[ -3.27810286  -9.48058325  -1.81243135 -11.02211758  -1.082283  -2.31591794 -12.30929567 -13.49704739 -12.57774353 -11.76029972  -1.05213168  -3.45358276  -4.20684815],-4.206848153089986
1762,The tailor that loves the clever clumsy bakers cheats.,The tailor that loves the clever clumsy bakers cheats.,full,destructive,rough,no,singular,no,,"['The', 'Ġtailor', 'Ġthat', 'Ġloves', 'Ġthe', 'Ġclever', 'Ġclumsy', 'Ġb', 'akers', 'Ġche', 'ats', '.', '<|endoftext|>']",[ -3.27810286 -13.01496887  -5.22639466  -6.43296813  -2.8451462  -9.33581547 -13.82622533  -6.41154478  -5.015419   -10.90302278  -2.15082552  -2.80194852  -4.33644867],-5.226394663167156
9422,The bakers that love the careless clever chef prays.,The bakers that love the careless clever chef pray.,full,destructive,smooth,yes,plural,no,,"['The', 'Ġb', 'akers', 'Ġthat', 'Ġlove', 'Ġthe', 'Ġcareless', 'Ġclever', 'Ġchef', 'Ġpray', '.', '<|endoftext|>']",[ -3.27810286  -8.80350498  -5.10472106  -5.85475162  -4.52823637  -2.91888428 -13.19432829 -10.91717529  -7.41368865 -12.12892918  -4.24430848  -5.0280228 ],-5.479736338520782
12113,The lawyers who avoid the kind gentle judge lie.,The lawyers who avoid the kind gentle judge lie.,full,destructive,rough,no,plural,no,,"['The', 'Ġlawyers', 'Ġwho', 'Ġavoid', 'Ġthe', 'Ġkind', 'Ġgentle', 'Ġjudge', 'Ġlie', '.', '<|endoftext|>']",[ -3.27810286  -9.97121433  -2.50643916 -11.98409271  -2.86141203  -5.5848923  -16.75505065  -8.1730576  -11.85512543  -2.98794558  -4.55596156],-5.584892297300756
9160,The lawyer that likes the farmers the most swim.,The lawyer that likes the farmers the most swims.,interpolation,destructive,absent,yes,singular,no,additive,"['The', 'Ġlawyer', 'Ġthat', 'Ġlikes', 'Ġthe', 'Ġfarmers', 'Ġthe', 'Ġmost', 'Ġswim', 's', '.', '<|endoftext|>']",[ -3.27810286  -9.2220383   -5.51857758  -9.61730191  -3.51623152 -11.92324067  -6.00764462  -0.56222528 -14.47146607  -0.35102841  -4.24775694  -4.81293488],-5.165756230813182
13197,The chef who dislikes the authors the least cheats.,The chef who dislikes the authors the least cheats.,interpolation,destructive,absent,no,singular,no,subtractive,"['The', 'Ġchef', 'Ġwho', 'Ġdisl', 'ikes', 'Ġthe', 'Ġauthors', 'Ġthe', 'Ġleast', 'Ġche', 'ats', '.', '<|endoftext|>']",[ -3.27810286 -10.45799256  -2.57066345 -10.50901796  -0.35646058  -2.23580167 -11.41117862  -7.23759463  -4.04235078 -12.04982757  -3.96377945  -3.12360384  -4.08882136],-4.042350778678654
2029,The doctors that like the chef the most cooks.,The doctors that like the chef the most cook.,interpolation,destructive,absent,yes,plural,no,additive,"['The', 'Ġdoctors', 'Ġthat', 'Ġlike', 'Ġthe', 'Ġchef', 'Ġthe', 'Ġmost', 'Ġcook', '.', '<|endoftext|>']",[ -3.27810286 -10.14598852  -4.54911803  -8.8799057   -3.29131704 -10.47322846  -6.31846619  -0.49008945 -10.43503573  -3.68098454  -4.86535644],-4.865356438642899
4506,The actors that hate the painter the most cook.,The actors that hate the painter the most cook.,interpolation,destructive,absent,no,plural,no,additive,"['The', 'Ġactors', 'Ġthat', 'Ġhate', 'Ġthe', 'Ġpainter', 'Ġthe', 'Ġmost', 'Ġcook', '.', '<|endoftext|>']",[ -3.27810286 -10.5499344   -4.97319032  -9.49848933  -2.45187379 -12.5899658   -6.752449    -0.44979093 -12.54530332  -4.04048925  -4.58792114],-4.973190323423151
9057,The plumber who talks happily yet rather quickly swim.,The plumber who talks happily yet rather quickly swims.,control,absent,absent,yes,singular,no,,"['The', 'Ġpl', 'umber', 'Ġwho', 'Ġtalks', 'Ġhappily', 'Ġyet', 'Ġrather', 'Ġquickly', 'Ġswim', 's', '.', '<|endoftext|>']",[ -3.27810286  -9.89060214  -2.66838078  -2.93478392  -9.47392274 -10.37229161  -8.58753966  -7.34730533  -5.99160763 -12.87011718  -0.02754593  -5.57594299  -5.91168211],-5.991607630843174
1637,The plumber that rides happily although pretty quickly swims.,The plumber that rides happily although pretty quickly swims.,control,absent,absent,no,singular,no,,"['The', 'Ġpl', 'umber', 'Ġthat', 'Ġrides', 'Ġhappily', 'Ġalthough', 'Ġpretty', 'Ġquickly', 'Ġswim', 's', '.', '<|endoftext|>']",[ -3.27810286  -9.89060214  -2.66838078  -5.75836945  -8.62984468 -10.13957977 -11.7506561   -8.42058562  -5.30587769 -10.96476742  -0.02026746  -3.20561983  -5.01486968],-5.758369449832792
473,The chefs who run carefully albeit rather quickly cooks.,The chefs who run carefully albeit rather quickly cook.,control,absent,absent,yes,plural,no,,"['The', 'Ġchefs', 'Ġwho', 'Ġrun', 'Ġcarefully', 'Ġalbeit', 'Ġrather', 'Ġquickly', 'Ġcook', '.', '<|endoftext|>']",[ -3.27810286 -12.02133941  -2.61444095  -5.05804442 -10.91237636 -14.45461269  -6.92704014  -7.37830353  -6.00267793  -5.4157639  -5.73099522],-6.002677930289011
9023,The waiters that walk carefully although rather quickly cheat.,The waiters that walk carefully although rather quickly cheat.,control,absent,absent,no,plural,no,,"['The', 'Ġwait', 'ers', 'Ġthat', 'Ġwalk', 'Ġcarefully', 'Ġalthough', 'Ġrather', 'Ġquickly', 'Ġcheat', '.', '<|endoftext|>']",[ -3.27810286  -9.34761807  -4.41248704  -5.91592407  -5.815979 -11.11610412 -13.16995237  -8.73424528  -5.46855164 -12.61773681  -2.56826025  -5.1998825 ],-5.865951530904932
2612,The waiter who hates the cool clumsy man swim.,The waiter who hates the cool clumsy man swims.,full,constructive,rough,yes,singular,no,,"['The', 'Ġwaiter', 'Ġwho', 'Ġhates', 'Ġthe', 'Ġcool', 'Ġclumsy', 'Ġman', 'Ġswim', 's', '.', '<|endoftext|>']",[ -3.27810286 -11.63503266  -2.79667666 -10.2538605   -2.48131561  -8.50947571 -15.55754857  -4.20491025 -11.56593319  -2.46929933  -5.84611516  -5.0286865 ],-5.437400832769482
886,The man who avoids the clumsy helpful chef sings.,The man who avoids the clumsy helpful chef sings.,full,constructive,smooth,no,singular,no,,"['The', 'Ġman', 'Ġwho', 'Ġavoids', 'Ġthe', 'Ġclumsy', 'Ġhelpful', 'Ġchef', 'Ġsings', '.', '<|endoftext|>']",[ -3.27810286  -6.04503633  -1.12516783 -12.15317534  -2.48709869 -11.52424624 -13.93986508 -11.10379789 -10.67797852  -4.45909119  -4.84012599],-6.045036325695958
8208,The bakers that love the lovely helpful women cooks.,The bakers that love the lovely helpful women cook.,full,constructive,rough,yes,plural,no,,"['The', 'Ġb', 'akers', 'Ġthat', 'Ġlove', 'Ġthe', 'Ġlovely', 'Ġhelpful', 'Ġwomen', 'Ġcook', '.', '<|endoftext|>']",[ -3.27810286  -8.80350498  -5.10472106  -5.85475162  -4.52823637  -2.91888428  -8.00115967 -13.33738706  -5.45212556  -8.58268739  -5.18067934  -4.2062912 ],-5.316402447767002
11414,The actors who fear the nice proud men cook.,The actors who fear the nice proud men cook.,full,constructive,smooth,no,plural,no,,"['The', 'Ġactors', 'Ġwho', 'Ġfear', 'Ġthe', 'Ġnice', 'Ġproud', 'Ġmen', 'Ġcook', '.', '<|endoftext|>']",[ -3.27810286 -10.5499344   -2.47959131  -9.79104613  -1.88388057 -12.59604646 -14.58477017  -3.56540678 -13.42745974  -4.32537843  -4.22335053],-4.325378427649071
1203,The baker who dislikes the judge the least cook.,The baker who dislikes the judge the least cooks.,interpolation,constructive,absent,yes,singular,no,subtractive,"['The', 'Ġbaker', 'Ġwho', 'Ġdisl', 'ikes', 'Ġthe', 'Ġjudge', 'Ġthe', 'Ġleast', 'Ġcooks', '.', '<|endoftext|>']",[ -3.27810286 -12.60720063  -2.6211243  -11.03918455  -0.47403721  -2.0175629   -9.12327573  -7.48670195  -3.46228028 -10.99337001  -3.02882382  -4.26764681],-3.8649635446904
11304,The waiter who avoids the judge the least cooks.,The waiter who avoids the judge the least cooks.,interpolation,constructive,absent,no,singular,no,subtractive,"['The', 'Ġwaiter', 'Ġwho', 'Ġavoids', 'Ġthe', 'Ġjudge', 'Ġthe', 'Ġleast', 'Ġcooks', '.', '<|endoftext|>']",[ -3.27810286 -11.63503266  -2.79667666 -12.01058196  -2.35558321  -8.83601378  -7.16091921  -3.78570555 -10.09936524  -3.15971371  -4.85525512],-4.855255122287098
3269,The doctors that like the bakers the least prays.,The doctors that like the bakers the least pray.,interpolation,constructive,absent,yes,plural,no,subtractive,"['The', 'Ġdoctors', 'Ġthat', 'Ġlike', 'Ġthe', 'Ġb', 'akers', 'Ġthe', 'Ġleast', 'Ġpray', '.', '<|endoftext|>']",[ -3.27810286 -10.14598852  -4.54911803  -8.8799057   -3.29131704  -8.26121518  -6.17013553  -5.91955571  -4.07605747 -11.19245145  -2.41364292  -5.0046158 ],-5.462085754891518
13829,The judges that avoid the tailors the most swim.,The judges that avoid the tailors the most swim.,interpolation,constructive,absent,no,plural,no,additive,"['The', 'Ġjudges', 'Ġthat', 'Ġavoid', 'Ġthe', 'Ġtail', 'ors', 'Ġthe', 'Ġmost', 'Ġswim', '.', '<|endoftext|>']",[ -3.27810286 -10.01571657  -5.19640345 -11.15890503  -2.29102323 -10.59605409  -3.56663131  -5.410965    -3.80677035 -13.63803865  -4.98595049  -4.80998991],-5.091176968728012
12710,The chef that dislikes the proud clumsy tailors sing.,The chef that dislikes the proud clumsy tailors sings.,full,destructive,smooth,yes,singular,no,,"['The', 'Ġchef', 'Ġthat', 'Ġdisl', 'ikes', 'Ġthe', 'Ġproud', 'Ġclumsy', 'Ġtail', 'ors', 'Ġsings', '.', '<|endoftext|>']",[ -3.27810286 -10.45799256  -5.7722702  -11.15476989  -0.29718017  -2.23040768 -12.19473269 -14.15782924  -7.92557523  -5.05725857  -9.82440183  -4.01080322  -4.80723572],-5.772270200387336
36,The vet that likes the proud helpful painters cheats.,The vet that likes the proud helpful painters cheats.,full,destructive,rough,no,singular,no,,"['The', 'Ġvet', 'Ġthat', 'Ġlikes', 'Ġthe', 'Ġproud', 'Ġhelpful', 'Ġpain', 'ters', 'Ġche', 'ats', '.', '<|endoftext|>']",[ -3.27810286 -11.7524796   -5.29479222  -9.17179873  -3.47862243 -12.69415284 -15.62712091 -10.34156795  -2.47649768 -10.853302  -1.53955457  -2.75794221  -4.14902495],-5.2947922205957445
3072,The women who fear the lazy clumsy plumber sings.,The women who fear the lazy clumsy plumber sing.,full,destructive,smooth,yes,plural,no,,"['The', 'Ġwomen', 'Ġwho', 'Ġfear', 'Ġthe', 'Ġlazy', 'Ġclumsy', 'Ġpl', 'umber', 'Ġsing', '.', '<|endoftext|>']",[ -3.27810286  -8.20533749  -2.94232176  -7.46543124  -2.3386383 -14.73352049 -12.69444278  -8.0858002   -0.93226623 -11.34548185  -3.84803008  -4.46734622],-5.966388728267237
4623,The lawyers that fear the funny kind athlete pray.,The lawyers that fear the funny kind athlete pray.,full,destructive,rough,no,plural,no,,"['The', 'Ġlawyers', 'Ġthat', 'Ġfear', 'Ġthe', 'Ġfunny', 'Ġkind', 'Ġathlete', 'Ġpray', '.', '<|endoftext|>']",[ -3.27810286  -9.97121433  -5.12889095 -10.56697847  -1.8375168 -12.58555606  -5.27828984 -17.44594957 -11.48352047  -5.01464082  -4.10237885],-5.27828984144915
10866,The farmer who fears the doctors the least swim.,The farmer who fears the doctors the least swims.,interpolation,destructive,absent,yes,singular,no,subtractive,"['The', 'Ġfarmer', 'Ġwho', 'Ġfears', 'Ġthe', 'Ġdoctors', 'Ġthe', 'Ġleast', 'Ġswim', 's', '.', '<|endoftext|>']",[ -3.27810286 -10.3002396   -1.79431913  -9.08536527  -2.16989901 -11.44639586  -7.85549167  -6.20939635 -15.77783207  -2.07819372  -4.8057098   -4.93463898],-5.572017665772452
5934,The teacher who likes the bakers the most sings.,The teacher who likes the bakers the most sings.,interpolation,destructive,absent,no,singular,no,additive,"['The', 'Ġteacher', 'Ġwho', 'Ġlikes', 'Ġthe', 'Ġb', 'akers', 'Ġthe', 'Ġmost', 'Ġsings', '.', '<|endoftext|>']",[ -3.27810286  -9.48058325  -1.81243135 -10.43827817  -3.78032301  -8.20889283  -5.21418006  -6.29731749  -0.53799435 -11.49687955  -3.49961855  -4.58561709],-4.899898574283917
480,The pilots that hate the waiter the most cooks.,The pilots that hate the waiter the most cook.,interpolation,destructive,absent,yes,plural,no,additive,"['The', 'Ġpilots', 'Ġthat', 'Ġhate', 'Ġthe', 'Ġwaiter', 'Ġthe', 'Ġmost', 'Ġcook', '.', '<|endoftext|>']",[ -3.27810286 -10.99062347  -4.90210725  -9.89453887  -2.16307072 -13.07586665  -6.61332703  -0.22081756 -11.26760866  -3.78101343  -4.61925507],-4.90210724675782
13334,The vets that like the farmer the most smoke.,The vets that like the farmer the most smoke.,interpolation,destructive,absent,no,plural,no,additive,"['The', 'Ġvets', 'Ġthat', 'Ġlike', 'Ġthe', 'Ġfarmer', 'Ġthe', 'Ġmost', 'Ġsmoke', '.', '<|endoftext|>']",[ -3.27810286 -13.41484068  -5.00306704  -7.74838255  -3.13965609 -10.8069916   -5.89556883  -0.87881467 -11.91476439  -2.36431882  -5.03834536],-5.038345356132968
2049,The builder that drives happily though rather quickly cheat.,The builder that drives happily though rather quickly cheats.,control,absent,absent,yes,singular,no,,"['The', 'Ġbuilder', 'Ġthat', 'Ġdrives', 'Ġhappily', 'Ġthough', 'Ġrather', 'Ġquickly', 'Ġche', 'ats', '.', '<|endoftext|>']",[ -3.27810286 -10.87275695  -5.33145138  -7.68250277 -14.77112582  -5.74234771  -9.78171538  -6.0207825   -9.94364928  -1.05664823  -2.86466983  -5.38548282],-5.881565105382057
3997,The lawyer that runs carefully yet fairly quickly swims.,The lawyer that runs carefully yet fairly quickly swims.,control,absent,absent,no,singular,no,,"['The', 'Ġlawyer', 'Ġthat', 'Ġruns', 'Ġcarefully', 'Ġyet', 'Ġfairly', 'Ġquickly', 'Ġswim', 's', '.', '<|endoftext|>']",[ -3.27810286  -9.2220383   -5.51857758  -6.52439882 -12.33602141  -9.15691379  -5.85510252  -5.68938444 -12.95683292  -0.02398683  -5.08415989  -6.0560989 ],-5.9556007087900005
13761,The waiters that run carefully though pretty quickly cooks.,The waiters that run carefully though pretty quickly cook.,control,absent,absent,yes,plural,no,,"['The', 'Ġwait', 'ers', 'Ġthat', 'Ġrun', 'Ġcarefully', 'Ġthough', 'Ġpretty', 'Ġquickly', 'Ġcook', '.', '<|endoftext|>']",[ -3.27810286  -9.34761807  -4.41248704  -5.91592407  -4.61720273 -11.55332185  -7.95291144 -10.38083649  -6.01622771  -9.4217758  -4.35467528  -6.14875792],-6.082492811693969
4057,The waiters that walk happily albeit pretty quickly pray.,The waiters that walk happily albeit pretty quickly pray.,control,absent,absent,no,plural,no,,"['The', 'Ġwait', 'ers', 'Ġthat', 'Ġwalk', 'Ġhappily', 'Ġalbeit', 'Ġpretty', 'Ġquickly', 'Ġpray', '.', '<|endoftext|>']",[ -3.27810286  -9.34761807  -4.41248704  -5.91592407  -5.815979 -11.85654451 -12.77581793  -9.0058365   -4.35581969 -12.42802433  -3.76544946  -4.84417727],-5.865951530904932
6976,The judge that love the baker sings.,The judge that loves the baker sings.,filler,-,absent,yes,singular,number,,"['The', 'Ġjudge', 'Ġthat', 'Ġloves', 'Ġthe', 'Ġbaker', 'Ġsings', '.', '<|endoftext|>']",[ -3.27810286  -8.19361879  -4.97791288 -10.43999482  -2.49568177 -11.09989931 -11.32454683  -2.991806    -4.16030883],-4.977912883093938
1455,The men who likes the teachers sing.,The men who like the teachers sing.,filler,-,absent,yes,plural,number,,"['The', 'Ġmen', 'Ġwho', 'Ġlike', 'Ġthe', 'Ġteachers', 'Ġsing', '.', '<|endoftext|>']",[ -3.27810286  -7.7463913   -3.20630642  -8.01718139  -3.61334225 -11.59968571 -10.10542301  -3.06402586  -5.41407778],-5.414077776166788
2530,The builder who hates the lawyer smokes.,The builder who hates the lawyer smokes.,filler,-,absent,no,singular,number,,"['The', 'Ġbuilder', 'Ġwho', 'Ġhates', 'Ġthe', 'Ġlawyer', 'Ġsmokes', '.', '<|endoftext|>']",[ -3.27810286 -10.87275695  -3.27718352 -10.56571958  -2.16136932 -10.97126003 -13.58981325  -3.87599178  -4.74713898],-4.747138982652199
5611,The lawyers who fear the tailors cheat.,The lawyers who fear the tailors cheat.,filler,-,absent,no,plural,number,,"['The', 'Ġlawyers', 'Ġwho', 'Ġfear', 'Ġthe', 'Ġtail', 'ors', 'Ġcheat', '.', '<|endoftext|>']",[ -3.27810286  -9.97121433  -2.50643916 -10.25037386  -1.8148117 -10.64205931  -3.40559766  -9.91539766  -6.01315305  -4.33830258],-5.175727812729468
2779,The builder whom avoids the man climbs.,The builder whom the man avoids climbs.,filler,-,absent,yes,singular,pos,,"['The', 'Ġbuilder', 'Ġwhom', 'Ġthe', 'Ġman', 'Ġavoids', 'Ġclimbs', '.', '<|endoftext|>']",[ -3.27810286 -10.87275695  -8.73366546  -2.52102659  -4.94123837 -10.89632414 -12.04035946  -5.92643739  -5.38719944],-5.9264373863557145
2142,The judges whom love the chefs smoke.,The judges whom the chefs love smoke.,filler,-,absent,yes,plural,pos,,"['The', 'Ġjudges', 'Ġwhom', 'Ġthe', 'Ġchefs', 'Ġlove', 'Ġsmoke', '.', '<|endoftext|>']",[ -3.27810286 -10.01571657  -9.04555512  -1.76608281 -11.20806121  -5.99895477 -14.22991178  -2.79758451  -4.98674778],-5.9989547734269655
9723,The baker whom the judge avoids cooks.,The baker whom the judge avoids cooks.,filler,-,absent,no,singular,pos,,"['The', 'Ġbaker', 'Ġwhom', 'Ġthe', 'Ġjudge', 'Ġavoids', 'Ġcooks', '.', '<|endoftext|>']",[ -3.27810286 -12.60720063  -8.39407347  -2.51515963  -4.3634338 -13.45874022 -11.6622467   -5.0678711   -5.40356441],-5.403564413817626
5181,The lawyers whom the plumbers like cheat.,The lawyers whom the plumbers like cheat.,filler,-,absent,no,plural,pos,,"['The', 'Ġlawyers', 'Ġwhom', 'Ġthe', 'Ġpl', 'umbers', 'Ġlike', 'Ġcheat', '.', '<|endoftext|>']",[ -3.27810286  -9.97121433  -9.07331087  -2.26261901 -10.38169859  -2.29634091  -7.04146574 -14.61969756  -4.33885195  -4.83082583],-5.936145781135781
13776,The man who like the vet lies.,The man who likes the vet lies.,filler,-,absent,yes,singular,number,,"['The', 'Ġman', 'Ġwho', 'Ġlikes', 'Ġthe', 'Ġvet', 'Ġlies', '.', '<|endoftext|>']",[ -3.27810286  -6.04503633  -1.12516783  -9.46307375  -4.31200032 -12.88186643  -9.33348086  -2.20175171  -4.98051449],-4.980514491492733
11603,The plumbers who avoids the farmers climb.,The plumbers who avoid the farmers climb.,filler,-,absent,yes,plural,number,,"['The', 'Ġpl', 'umbers', 'Ġwho', 'Ġavoid', 'Ġthe', 'Ġfarmers', 'Ġclimb', '.', '<|endoftext|>']",[ -3.27810286  -9.89060214  -3.9273529   -3.07785795  -9.57657624  -1.90554809 -10.22218325 -12.23902893  -5.90743255  -5.46054845],-5.68399049989556
13028,The woman who loves the author sings.,The woman who loves the author sings.,filler,-,absent,no,singular,number,,"['The', 'Ġwoman', 'Ġwho', 'Ġloves', 'Ġthe', 'Ġauthor', 'Ġsings', '.', '<|endoftext|>']",[ -3.27810286  -7.53363034  -1.33246611  -8.8251648   -3.23390579  -8.73500065 -10.94178776  -4.20900725  -4.8313828 ],-4.831382795064801
5291,The teachers that fear the women smoke.,The teachers that fear the women smoke.,filler,-,absent,no,plural,number,,"['The', 'Ġteachers', 'Ġthat', 'Ġfear', 'Ġthe', 'Ġwomen', 'Ġsmoke', '.', '<|endoftext|>']",[ -3.27810286 -10.52736661  -5.47636409  -8.74665073  -1.97752377  -9.15542602 -14.01097106  -4.05030059  -4.90734864],-5.476364086505117
8047,The athlete whom fears the judge cooks.,The athlete whom the judge fears cooks.,filler,-,absent,yes,singular,pos,,"['The', 'Ġathlete', 'Ġwhom', 'Ġthe', 'Ġjudge', 'Ġfears', 'Ġcooks', '.', '<|endoftext|>']",[ -3.27810286 -10.80349728  -8.09944149  -2.3109283   -5.32124323 -10.1783905  -14.83676911  -5.4396668   -4.3752213 ],-5.439666795992045
10138,The plumbers whom hate the tailors smoke.,The plumbers whom the tailors hate smoke.,filler,-,absent,yes,plural,pos,,"['The', 'Ġpl', 'umbers', 'Ġwhom', 'Ġthe', 'Ġtail', 'ors', 'Ġhate', 'Ġsmoke', '.', '<|endoftext|>']",[ -3.27810286  -9.89060214  -3.9273529   -9.97735598  -2.25090024 -10.9670639   -0.41734314  -7.39831538 -13.13414763  -2.67153173  -5.16719816],-5.16719816492142
11259,The painter whom the man dislikes lies.,The painter whom the man dislikes lies.,filler,-,absent,no,singular,pos,,"['The', 'Ġpainter', 'Ġwhom', 'Ġthe', 'Ġman', 'Ġdisl', 'ikes', 'Ġlies', '.', '<|endoftext|>']",[ -3.27810286 -11.47234344  -7.81425478  -2.73284916  -5.49083705 -10.20903775  -0.01649474  -9.51657107  -6.25138856  -5.71246337],-5.981925964079146
3577,The bakers whom the painters like sing.,The bakers whom the painters like sing.,filler,-,absent,no,plural,pos,,"['The', 'Ġb', 'akers', 'Ġwhom', 'Ġthe', 'Ġpain', 'ters', 'Ġlike', 'Ġsing', '.', '<|endoftext|>']",[ -3.27810286  -8.80350498  -5.10472106 -10.59999848  -2.42570491  -9.99923709  -2.17285918  -4.99102784 -12.30095675  -4.34137727  -4.87146757],-4.991027839450431
5382,The plumber who hate the athlete climbs.,The plumber who hates the athlete climbs.,filler,-,absent,yes,singular,number,,"['The', 'Ġpl', 'umber', 'Ġwho', 'Ġhates', 'Ġthe', 'Ġathlete', 'Ġclimbs', '.', '<|endoftext|>']",[ -3.27810286  -9.89060214  -2.66838078  -2.93478392  -9.7172775  -2.16570281 -13.24440768 -10.89242557  -5.01865389  -5.14579777],-5.082225831525182
4714,The athletes that avoids the men sing.,The athletes that avoid the men sing.,filler,-,absent,yes,plural,number,,"['The', 'Ġathletes', 'Ġthat', 'Ġavoid', 'Ġthe', 'Ġmen', 'Ġsing', '.', '<|endoftext|>']",[ -3.27810286 -11.20796205  -4.2829132   -9.86649325  -1.67517091  -7.09163664 -13.70911028  -3.15650936  -5.02513121],-5.02513120830553
9794,The pilot that loves the woman prays.,The pilot that loves the woman prays.,filler,-,absent,no,singular,number,,"['The', 'Ġpilot', 'Ġthat', 'Ġloves', 'Ġthe', 'Ġwoman', 'Ġpr', 'ays', '.', '<|endoftext|>']",[ -3.27810286  -8.57219694  -6.25233457  -9.6102371   -2.72132495  -8.21738435 -11.47930909  -3.44375612  -3.09010315  -4.72721104],-5.489772801951887
9897,The judges who dislike the vets sing.,The judges who dislike the vets sing.,filler,-,absent,no,plural,number,,"['The', 'Ġjudges', 'Ġwho', 'Ġdislike', 'Ġthe', 'Ġvets', 'Ġsing', '.', '<|endoftext|>']",[ -3.27810286 -10.01571657  -3.27553559 -11.59391017  -1.86222842 -12.32114411 -10.03456878  -4.306015    -5.16158291],-5.161582911555902
9018,The farmer whom hates the actor swims.,The farmer whom the actor hates swims.,filler,-,absent,yes,singular,pos,,"['The', 'Ġfarmer', 'Ġwhom', 'Ġthe', 'Ġactor', 'Ġhates', 'Ġswim', 's', '.', '<|endoftext|>']",[ -3.27810286 -10.3002396   -6.85293575  -2.16287231  -7.94747926  -9.05329132 -13.69367985  -0.12950899  -4.8477402   -5.01598358],-5.934459667060596
8430,The tailors whom fear the painters smoke.,The tailors whom the painters fear smoke.,filler,-,absent,yes,plural,pos,,"['The', 'Ġtail', 'ors', 'Ġwhom', 'Ġthe', 'Ġpain', 'ters', 'Ġfear', 'Ġsmoke', '.', '<|endoftext|>']",[ -3.27810286  -9.79314424  -3.94284825  -8.70669557  -2.37402343 -10.5723419   -1.14427182  -7.33071896 -12.64534759  -4.17071531  -4.89076234],-4.890762343155112
13497,The man whom the actor avoids lies.,The man whom the actor avoids lies.,filler,-,absent,no,singular,pos,,"['The', 'Ġman', 'Ġwhom', 'Ġthe', 'Ġactor', 'Ġavoids', 'Ġlies', '.', '<|endoftext|>']",[ -3.27810286  -6.04503633  -6.10566715  -2.20377353  -7.20796966 -11.71845244 -10.31646734  -5.17723846  -5.25040437],-6.045036325695958
1531,The athletes whom the waiters fear smoke.,The athletes whom the waiters fear smoke.,filler,-,absent,no,plural,pos,,"['The', 'Ġathletes', 'Ġwhom', 'Ġthe', 'Ġwait', 'ers', 'Ġfear', 'Ġsmoke', '.', '<|endoftext|>']",[ -3.27810286 -11.20796205  -8.48619078  -2.03535466 -11.91254425  -1.03366471  -7.21507262 -13.12869265  -4.24990844  -4.86161807],-6.038345346286661
13143,The judge that dislike the pilot lies.,The judge that dislikes the pilot lies.,filler,-,absent,yes,singular,number,,"['The', 'Ġjudge', 'Ġthat', 'Ġdisl', 'ikes', 'Ġthe', 'Ġpilot', 'Ġlies', '.', '<|endoftext|>']",[ -3.27810286  -8.19361879  -4.97791288 -13.36279297  -0.28911592  -2.02864833  -8.26000982  -9.38824467  -2.51945498  -4.92691038],-4.952411630330936
7085,The plumbers who loves the painters cheat.,The plumbers who love the painters cheat.,filler,-,absent,yes,plural,number,,"['The', 'Ġpl', 'umbers', 'Ġwho', 'Ġlove', 'Ġthe', 'Ġpain', 'ters', 'Ġcheat', '.', '<|endoftext|>']",[ -3.27810286  -9.89060214  -3.9273529   -3.07785795  -6.7016373  -2.56348803  -7.45525358  -5.25382995 -11.63774874  -2.46390536  -5.07841491],-5.078414908665181
9256,The waiter who likes the judge cheats.,The waiter who likes the judge cheats.,filler,-,absent,no,singular,number,,"['The', 'Ġwaiter', 'Ġwho', 'Ġlikes', 'Ġthe', 'Ġjudge', 'Ġche', 'ats', '.', '<|endoftext|>']",[ -3.27810286 -11.63503266  -2.79667666  -9.27642064  -3.43116383 -10.78433226 -11.63520809  -0.74988937  -3.06210321  -5.01986697],-4.225515400072618
9155,The painters that fear the teachers swim.,The painters that fear the teachers swim.,filler,-,absent,no,plural,number,,"['The', 'Ġpain', 'ters', 'Ġthat', 'Ġfear', 'Ġthe', 'Ġteachers', 'Ġswim', '.', '<|endoftext|>']",[ -3.27810286  -9.73519131  -5.15680308  -4.5746765  -10.45954896  -1.81507871 -10.61666108 -13.80656432  -4.30953215  -4.58334349],-4.870073282454131
14286,The chef whom loves the judge sings.,The chef whom the judge loves sings.,filler,-,absent,yes,singular,pos,,"['The', 'Ġchef', 'Ġwhom', 'Ġthe', 'Ġjudge', 'Ġloves', 'Ġsings', '.', '<|endoftext|>']",[ -3.27810286 -10.45799256  -8.32341005  -2.69616699  -5.37485504  -9.43613436 -12.32519528  -4.90714267  -4.86719514],-5.374855036119748
9203,The athletes whom like the chefs cheat.,The athletes whom the chefs like cheat.,filler,-,absent,yes,plural,pos,,"['The', 'Ġathletes', 'Ġwhom', 'Ġthe', 'Ġchefs', 'Ġlike', 'Ġcheat', '.', '<|endoftext|>']",[ -3.27810286 -11.20796205  -8.48619078  -2.03535466 -11.4363938  -5.6199341  -13.83512878  -4.00512693  -4.93515015],-5.6199340980068815
5053,The lawyer whom the judge loves cheats.,The lawyer whom the judge loves cheats.,filler,-,absent,no,singular,pos,,"['The', 'Ġlawyer', 'Ġwhom', 'Ġthe', 'Ġjudge', 'Ġloves', 'Ġche', 'ats', '.', '<|endoftext|>']",[ -3.27810286  -9.2220383   -7.72281646  -2.46927644  -3.36893464 -10.49505615 -12.71936038  -1.10663988  -3.42847447  -4.50537872],-3.966926595709557
4065,The tailors whom the bakers dislike cook.,The tailors whom the bakers dislike cook.,filler,-,absent,no,plural,pos,,"['The', 'Ġtail', 'ors', 'Ġwhom', 'Ġthe', 'Ġb', 'akers', 'Ġdislike', 'Ġcook', '.', '<|endoftext|>']",[ -3.27810286  -9.79314424  -3.94284825  -8.70669557  -2.37402343  -8.27281194  -2.27906033  -9.3924408  -10.68724821  -3.32278447  -5.12465662],-5.124656624032791
